{
  "affirm": {
    "precision": 0.9333333333333333,
    "recall": 0.9333333333333333,
    "f1-score": 0.9333333333333333,
    "support": 15
  },
  "deny": {
    "precision": 1.0,
    "recall": 1.0,
    "f1-score": 1.0,
    "support": 3
  },
  "restaurant_search": {
    "precision": 1.0,
    "recall": 0.9848484848484849,
    "f1-score": 0.9923664122137404,
    "support": 66
  },
  "greet": {
    "precision": 1.0,
    "recall": 1.0,
    "f1-score": 1.0,
    "support": 10
  },
  "goodbye": {
    "precision": 0.9,
    "recall": 1.0,
    "f1-score": 0.9473684210526316,
    "support": 9
  },
  "send_mail": {
    "precision": 1.0,
    "recall": 1.0,
    "f1-score": 1.0,
    "support": 6
  },
  "micro avg": {
    "precision": 0.981651376146789,
    "recall": 0.981651376146789,
    "f1-score": 0.981651376146789,
    "support": 109
  },
  "macro avg": {
    "precision": 0.9722222222222223,
    "recall": 0.9863636363636363,
    "f1-score": 0.9788446944332843,
    "support": 109
  },
  "weighted avg": {
    "precision": 0.9825688073394495,
    "recall": 0.981651376146789,
    "f1-score": 0.9818577889502803,
    "support": 109
  }
}